Modello,ROC_AUC_CV,ROC_AUC_STD,N_Features,N_Samples
Base (5 features),0.7821794785477725,0.09369566474913045,5,4041
Avanzato (19 features),0.9038020335809931,0.028942567870292746,19,774
